first_name;last_name;email;gender;age;car;job;favourite_film
Perry;Gooday;pgooday0@trellian.com;Male;69;Renault;Recruiter;Thriller
Ramona;Radsdale;rradsdale1@wordpress.com;Female;47;Mazda;Environmental Tech;Drama
Dalton;Elwood;delwood2@shop-pro.jp;Male;47;Renault;Research Assistant IV;Thriller
Othello;Fellow;ofellow3@deliciousdays.com;Male;41;Renault;Analyst Programmer;Drama
Tarrah;Flucker;tflucker4@a8.net;Female;32;Renault;Cost Accountant;Thriller
Ruby;Griss;rgriss5@cnn.com;Male;41;Opel;Marketing Assistant;Thriller
Henriette;Gurnee;hgurnee6@europa.eu;Female;66;Opel;Cost Accountant;Thriller
Adan;Manford;amanford7@berkeley.edu;Female;24;Renault;Research Nurse;Drama
Lamont;Swinnard;lswinnard8@devhub.com;Male;30;Renault;Human Resources Manager;Thriller
Curran;Gillum;cgillum9@hugedomains.com;Male;35;Renault;Media Manager I;Thriller
Hal;Petts;hpettsa@oakley.com;Male;43;Renault;Marketing Manager;Thriller
Xymenes;Delion;xdelionb@bizjournals.com;Male;33;Mazda;Actuary;Drama
Cy;McNellis;cmcnellisc@plala.or.jp;Male;29;Opel;Librarian;Thriller
Astra;Dumphry;adumphryd@cloudflare.com;Female;38;Renault;Mechanical Systems Engineer;Action
Cynthia;Goby;cgobye@cbc.ca;Female;80;Opel;Librarian;Drama
Tabitha;Alyonov;talyonovf@moonfruit.com;Female;47;Opel;Financial Advisor;Thriller
Vin;Oulet;vouletg@wordpress.org;Female;53;Opel;Marketing Assistant;Thriller
Isaac;Harvey;iharveyh@umn.edu;Male;40;Mazda;Engineer IV;Comedy
Aileen;Rennenbach;arennenbachi@paginegialle.it;Female;23;Dacia;Accounting Assistant II;Comedy
Elfie;Kalker;ekalkerj@ameblo.jp;Female;58;Renault;Analog Circuit Design manager;Comedy
